id,hash,language,author_name,author_age,author_sex,receiver_sex,text_raw_numtokens,year,month,day,text_type
2,8718188c022d7edec1d87049bfa96777c8de7520e2898bf809dcf7f8958e53cd,en,George Orwell,18,m,m,579,1920,8,19,letter
115,02535e85e8619191b99b7ea1cfe4f5f11a593bbb6724a84319651ad6c4f794f5,en,George Orwell,41,m,m,218,1943,8,31,letter
4,da64bd603d6f567475b19092f53190b4d3cf6fabaee1963c5be03e339d8f5c9a,en,George Orwell,29,m,m,748,1931,8,16,letter
236,d3a3af2c0ce80b580c5cfdea82f0abadfffed34f900021182910c096085f0307,en,George Orwell,45,m,f,228,1948,4,28,letter
13,35e755faa71139c41773d37c5bf13e5ec2cdd6806f552344ba1e45a009be88d9,en,George Orwell,32,m,f,1068,1934,8,,letter
16,45b755549459151cf54556d45c441f3abb29619cbfc0a3c6ecdbef5f3243bad2,en,George Orwell,32,m,m,1405,1934,10,9,letter
290,49b619270013c2de545fc402fa5b108b691a1badf8c7f569c43a84cad613e9e4,en,George Orwell,47,m,m,258,1949,6,22,letter
22,fd2811ce1e967af4bf09e5a6b54f88e8eaf0adaaee0c66efd96095bd5120391b,en,George Orwell,32,m,f,577,1935,1,15,letter
23,4c9c94c200591a2aca1e03ea2deca21a61c9af47c6cf483e745c95479ffab7b2,en,George Orwell,32,m,f,632,1935,2,16,letter
24,630e629238e1a7961f81c36cba953e54d40bc804878d7512e11fc7815f13ea00,en,George Orwell,32,m,f,1030,1935,5,7,letter
75,9b3d8f7796462f3f15c7f620dad4063896f361b71a8c07dbf16101cfcb0aa31a,en,George Orwell,36,m,m,914,1939,2,23,letter
292,bf844a2963cdfa4630fbd07cd31cc8092f6ada793386454c1640a8eb263c0421,en,George Orwell,47,m,m,568,1949,7,20,letter
293,291610e63e44467f2b93036c7783888d8f56234e415f9cca59d6ce6ea412ff05,en,George Orwell,47,m,m,242,1949,7,,letter
12,ed6db479188effd058ec44e1e0281ff8476c00e797ba6e8e8bed35ab8e1f061f,en,George Orwell,31,m,f,436,1933,7,20,letter
29,928910ffa5321f76ae4ba36ef5f6db5a04d91e7b35baa6599f3a0560c5281594,en,George Orwell,33,m,m,788,1936,4,16,letter
286,6e76dd97e4675de3dd554a261ae7e8021f492a8e8aaea8efdf38223e3286da4c,en,George Orwell,47,m,m,329,1949,6,1,letter
30,3a98251f6f6cf8955fcb7c8c92a59fa3b2df36ac9323f16cb5108a9232c31841,en,George Orwell,33,m,m,589,1936,5,23,letter
287,0d83b9c3ec8d4d160e29d67dfbb7f607ab86117eee8c0046519f51c4752d5e52,en,George Orwell,47,m,m,266,1949,6,6,letter
288,5d17e17f2a8b2931930e112a47a8cf220ff1b2fe84b7ddab9f86a72295a1ad67,en,George Orwell,47,m,m,169,1949,6,8,letter
289,9701ed8a4549dcbc3b61e76b43b51654f564a7d482bdf54d26ffc1a6bd923a23,en,George Orwell,47,m,m,398,1949,6,16,letter
46,a24df182b8f1d6c3061aedb5235dae6dc63dbca58199bf9a114d8f5dd308cbd2,en,George Orwell,35,m,m,1469,1937,12,18,letter
48,4c8a2ed88719d614da4d2755990b22133377347cb3781ff5b390a9a775c66773,en,George Orwell,35,m,m,1634,1938,2,9,letter
49,5cf06a603e8bfe371cf1762726fac70f297861c03e7f6b436a8a8d69a04a7698,en,George Orwell,35,m,m,659,1938,3,14,letter
116,de6f629f005ec44ed349a23f17befcb0b3847f743f0c58b6e3bab139913fff18,en,George Orwell,41,m,m,381,1943,9,24,letter
138,d177ffe09915061717a88e836e7b049d0492d009e57573b312a661d8607b41e2,en,George Orwell,42,m,m,260,1945,3,17,letter
51,a5f092f04b1b7d20803e7e2f4d5b9f9c892a56535e25b2531ac1f21cb0b92094,en,George Orwell,35,m,m,670,1938,4,15,letter
57,e4733f37d930372bafc71ecceb011b6ddd2df9686671c5f1e72e68d9235c2a23,en,George Orwell,36,m,f,1552,1938,9,15,letter
72,485a07c1eac9452a7c6f437006dd752d09cc36c13a9d0a40ff852c801c85111e,en,George Orwell,36,m,m,835,1939,1,4,letter
152,2ae0093cf8635621b55e712f97dd82e9473193c3725bfb1aa820601735a33726,en,George Orwell,43,m,f,334,1945,9,26,letter
14,be6e290d4b2f7e11bb0c22a42767c9f33c9fceaa1a7ef84706cfe1060c69a53e,en,George Orwell,32,m,f,925,1934,9,,letter
81,35f07f7b135719c7117c8f10a9242e3b3e07eea6c3d8064bf895436a0bb1fc65,en,George Orwell,36,m,f,120,1939,3,31,letter
82,52a53633299c40da53308cce2dfbfe8e5a6d2266a9fffd06b9b5c4e07c60c058,en,George Orwell,36,m,m,622,1939,4,25,letter
225,0790c4b0213f2415db6ba49f614bed675d105b69ef105be895ce49eb5e0fbe90,en,George Orwell,45,m,m,244,1948,2,,letter
15,34708ca75132825b49abb91b9db7bf2738078c407d68018e4cd4226eb5262094,en,George Orwell,32,m,f,479,1934,9,,letter
66,381b3dc6d9f048f5c9b6d2f4c14454fba8a7c54c5cf7b743bdaa66a4cc6687de,en,George Orwell,36,m,m,549,1938,11,28,letter
88,e54d8255b987b5f6dfe7765f06c5d978855c468228ee6c4fc737d6ada3db9239,en,George Orwell,37,m,m,548,1940,1,10,letter
99,0a29e5e8f3db4fa38b67bbb018af4af115b3c45608529133888ee6f36c235dc7,en,George Orwell,38,m,m,1055,1941,4,8,letter
119,ed73ff7fdba4043d7176ffded9ec1cccaf5cfee06e2aeec8674b1e18c76a922e,en,George Orwell,41,m,m,432,1944,1,9,letter
25,922748680ca2f9366f1ea124c36e9bd2a1500555ca4ad6e98c6ffd73687cfc0d,en,George Orwell,33,m,m,523,1935,6,,letter
110,d083a2df8aed35f50c4accad281482145df9dd63a93216c2f750e5c39d9d5034,en,George Orwell,40,m,m,575,1942,10,12,letter
124,5ee02446eef98c357232f1213ba32e60609da785adac749561b691e8631a5496,en,George Orwell,41,m,m,193,1944,3,23,letter
83,f1bb6b078c5eea692f467705770f74e14a95b806fdc7f7558244820d62912f79,en,George Orwell,37,m,m,739,1939,7,,letter
112,fe5f108a9456558ae7d2170343cad529230b89f8513858e97a884c0f2fa96a9a,en,George Orwell,40,m,m,411,1943,3,8,letter
125,cfa576697e82b3e39dc3c23993ad06d8294b0f9431033e1c0e49f082e9f91e53,en,George Orwell,41,m,m,401,1944,4,15,letter
120,736a986fe0ce49d4de11741f11af407b603e535c47a0e3bead641832533fc67d,en,George Orwell,41,m,m,207,1944,2,17,letter
241,6931f7d3bf148afe0389791bbab24c8695dade3da7a7d28b6bf3ca53830ff77d,en,George Orwell,45,m,m,531,1948,5,24,letter
126,1647e0e7404eb60d58fafc9dbca1319334cafbe7cff1c317cbbf80a088fef1c5,en,George Orwell,41,m,m,958,1944,5,18,letter
170,badc623d583f266410e1e8f4c62cb3acb9237f5ea567647accbeb846a03025c7,en,George Orwell,43,m,m,482,1946,4,25,letter
58,d905a0dccb9faae925d97ce54573fa8d295b44e3a00537868f659826a6b22ced,en,George Orwell,36,m,f,1233,1938,9,27,letter
59,c8f6147b3ed6b932127f8aef2def98ea748b1b86e7463c4781d84727cfdbb283,en,George Orwell,36,m,m,1523,1938,9,29,letter
60,b844b0499082a9c4b461c2b736dcd83f3c74fb149e695f617db8cba477838092,en,George Orwell,36,m,f,1067,1938,10,3,letter
135,abc3821feeaec9d5473f50a751dd3f7bcc510a0f9327ceb6fd9046983253662d,en,George Orwell,42,m,m,326,1944,10,14,letter
92,17611be3c21835fb161a6855517d760d5c5e287a554c6672263cc0313cf92be5,en,George Orwell,38,m,m,932,1940,6,22,letter
93,11f5996c5f14f4c7c365dc2bbed463cd6b59f2d4c8c5bb2c125c0ab0b7facd1a,en,George Orwell,38,m,m,687,1940,7,6,letter
218,6778db9a233f43a6808311c61637d759b63bb0801c56298b588e4375df53d580,en,George Orwell,45,m,m,624,1948,1,4,letter
62,a518744aaceb9b9f9a8c51b5b61e7a00d9d677056ba7cbe2bd04f5b873a84bfd,en,George Orwell,36,m,m,1417,1938,10,12,letter
147,a78be8dbed8a534a408bee3604ec4b2040369692be634ca598226fed8326e524,en,George Orwell,43,m,m,463,1945,6,29,letter
63,85632c32a42afafe2fb7fff18d4fe10335444b6951d7492c3ade707424f69374,en,George Orwell,36,m,m,977,1938,10,26,letter
64,7d970ef9ba1cb6be4039735a94ed2b2811331e516be8608afd7845fbf5212bd3,en,George Orwell,36,m,m,893,1938,11,24,letter
65,260e70a60552dd255fa7f11041741a0a273bb6acb8e4ed7a0826b7de530dca19,en,George Orwell,36,m,m,1217,1938,11,26,letter
69,8139ea6bb752445215aeb2d756486f98fe20b758fe64c8ac8b17f19e5d37cd26,en,George Orwell,36,m,m,753,1938,12,14,letter
71,8b689014997b582c6bccd5c48db827f3a5d62440e14503aaa57b835c160bc025,en,George Orwell,36,m,m,2065,1938,12,26,letter
95,3d37e07a0383f96e0fac2990960d0fb4fe62ec087dec2a9cd4c0f04de3e80a4d,en,George Orwell,38,m,m,783,1940,12,,letter
98,7489cb8ff078cf43a2e45c9ab74904fd62d0f8354819eb5f96a3eecdd97b3e1e,en,George Orwell,38,m,m,336,1941,3,19,letter
219,c7012b5f8cc378ddca93ea270921e3148648eece1f9054ff1de7e6703625e457,en,George Orwell,45,m,f,614,1948,1,12,letter
270,57649e6440909ee1092f20b176708d1586213ccda7bf0e08a6a481a03df9ca02,en,George Orwell,46,m,m,514,1949,3,16,letter
3,647b8278d859c41e1c7219970bc540c3da4c77262a598208a82cf9fe20329108,en,George Orwell,28,m,m,480,1930,11,1,letter
5,66d552e2078e392f667b3114ee8797d0d9d7165a594fdff94b764cc045ecb0e8,en,George Orwell,29,m,m,734,1932,4,26,letter
6,1bd6d5f602513c863480ee9228843ec75ee325f455378c0ce3ca31ca6b4aa211,en,George Orwell,30,m,f,921,1932,6,14,letter
7,bfd68d4f6da06a1773bf80a9f6e520ca1866f3a3695bed8ca4f5e166565d1a21,en,George Orwell,30,m,f,691,1932,9,19,letter
8,1b44bf6a6a23830926f9b07d6501c4e9df19d6552f2631718630a5e19e0cad92,en,George Orwell,30,m,f,885,1932,10,,letter
10,32482c22e4e621269ac75882bd560adc0c609215fcee162fd19fe031968f0eaf,en,George Orwell,31,m,f,652,1933,6,19,letter
156,b16a6752429b752fb8a97e68cb4c847e5ef2ffde7a2e6fd50d09569ebe1e82e6,en,George Orwell,43,m,m,867,1946,1,3,letter
157,c9ecad9fe0f04265fd42191cf8360554e4b677db9288d0dfdd386a7385601f8b,en,George Orwell,43,m,m,673,1946,1,10,letter
158,56cc4cbbe6d6a89eb50ac4dbb386478752402af608bcec33fbdecaf4ef38a288,en,George Orwell,43,m,m,1133,1946,1,22,letter
11,ca1c9d813a7414b9d530a3b398abdc07543513af1f0d5acf9c93e8bf38fd1887,en,George Orwell,31,m,f,327,1933,7,7,letter
17,6758f700217aa1020db9d9d0f9f5fac5ac84814b6370d2cdba41efebf49a73c6,en,George Orwell,32,m,m,475,1934,11,14,letter
18,e501cc5dd2db1cd46f62ec94af76003ebaa1bba5d72c048e04efedb60ce02543,en,George Orwell,32,m,m,165,1934,11,20,letter
19,3c0250e67f07f427e0b8bc168a3a8f16d1e76844ef660b3c0d85c11a36865734,en,George Orwell,32,m,m,508,1934,11,29,letter
20,af7d765fd3f1518843b31c38edfd2f97d10ac05d628ac92486df4d44c04d778f,en,George Orwell,32,m,m,516,1935,1,3,letter
21,d13ff8abaa27eed97e5032329cf7e2d33abfcf9a3029426fef718b415ac4737c,en,George Orwell,32,m,m,296,1935,1,10,letter
26,31894193e200d72378531252ecdca3e1db0b70e7ea29df0490dcfb25b305ce8e,en,George Orwell,33,m,m,565,1935,12,22,letter
173,ef60e0fdd5fbd3dbf3374f9b12dc126cdebf6826d32bc10225c5af54684aba2a,en,George Orwell,44,m,m,193,1946,6,16,letter
27,b053f937204a8fe4789a6ea15a4c61f3ae3b353ba16f48e84177ec713ad2963d,en,George Orwell,33,m,m,369,1936,2,24,letter
184,d348955a6ffdfafd6335cc9316d2869dbfaaa8025863827635645d5da59241ff,en,George Orwell,44,m,m,480,1946,9,28,letter
28,8c5fc539d291a15ce35f7b426d54842109127d3f23cf7a406e99afa881fe6082,en,George Orwell,33,m,m,543,1936,3,17,letter
31,4345bb8d7b99906c05a866a9dc30be1174e16258e2e657be7648a3562453c872,en,George Orwell,34,m,m,517,1936,6,9,letter
32,452ccabecfd13f2e5ea8a8ddfaf69f492b03dbcd71ffab07860836d1ce55dc8a,en,George Orwell,34,m,m,1159,1936,8,26,letter
37,bb331b67e606031183c81a7cf543574095972bf795a4ddb1d0b1a7e010a04082,en,George Orwell,34,m,f,793,1937,4,5,letter
39,8871f2e716ae054ad69ceb648934d7756a0e41e1aec726c8c93b96b1512fd94c,en,George Orwell,34,m,m,491,1937,5,9,letter
41,b2ce4a0881a8f3755b7a4ebbeb59284be6401ef7f10795dc178ed9786673b2f5,en,George Orwell,35,m,m,1015,1937,7,31,letter
42,963c754a84bbbab9ab258fc4ca66dda9d58dbe92d5cb8be9eb1d16551496853e,en,George Orwell,35,m,f,1013,1937,8,2,letter
43,15886da14ab96f6a09445ac131738de4881b94d2b06282cc22b331c6edf11110,en,George Orwell,35,m,m,890,1937,8,20,letter
44,130a3216a378c10b33561d07dc8195dfeba51da4c7193b2950cd275e9eda3912,en,George Orwell,35,m,m,1199,1937,9,15,letter
52,d89138807cea3efa0c5f2114f0ddea7d88221b233a15310a143068b09884ef13,en,George Orwell,35,m,m,428,1938,4,18,letter
54,122d2fe084c74b784a871c488a59ceb2531f4bfa1b80b15312f17ed27659ce1e,en,George Orwell,36,m,m,838,1938,6,16,letter
67,3ac087a3bb76b671829f5e83f0868096341b646e24aa7caa3cc2f786334f00ce,en,George Orwell,36,m,m,485,1938,12,2,letter
73,a4b3cb2b9923f891d9f5f69b5b1270786bcd74f2dc7c17adc91b7bd946a7acd2,en,George Orwell,36,m,m,741,1939,1,15,letter
74,495805ca8d6b5997fbaa3458ad4b5de867396abdb9b931c65d000aac15567386,en,George Orwell,36,m,f,599,1939,2,23,letter
77,7d9dd9db267b03cae0bb2e370d66a01b4b96d1d6e7ac9e765611d196571ac5ae,en,George Orwell,36,m,m,876,1939,3,5,letter
78,fa728fb4bec17697356103f1894a11e75ead44810c70555797bc2dab40d0f68b,en,George Orwell,36,m,m,1110,1939,3,5,letter
80,94fc5eb526a6a1fa2c16db62c3185d6fbab64ec5d3299a4ffcef49b5b1f03978,en,George Orwell,36,m,f,96,1939,3,30,letter
84,0155247adb8ddd2900061118a6053f87d7ace3cd1e3876e72bb355edaa0358f2,en,George Orwell,37,m,m,179,1939,8,4,letter
85,91cd73bc3ff9a1ae915f6281783128aeeff86458fbd210fcf90dd0e8df6345b3,en,George Orwell,37,m,m,232,1939,10,6,letter
86,0d98b7591bdf0ba42e6b24701afa534671aa3b121d639b16a9130d0d07cd0390,en,George Orwell,37,m,m,332,1939,12,8,letter
89,bb825275b80758e68f1aa2f06ce422101b64ecea3bfb1be2ca0681a0f5c0a9bf,en,George Orwell,37,m,m,1029,1940,4,3,letter
201,2409257e9b8e9396505e083cb4e818a6ff0b989605eeab1a4118d984f9c359a5,en,George Orwell,44,m,f,1217,1947,4,12,letter
90,8a579ad7aabf27c04b5b056818d16268e51722b07e517be2971d4b4bbe11dc97,en,George Orwell,37,m,m,427,1940,4,16,letter
91,53bbaf6386e3b1641e04e287551fd818ecb2e286687eca5bc4f01c070255ef71,en,George Orwell,37,m,m,441,1940,5,1,letter
210,b03a7585f8538cd4043919d10e4653047a5ad947d939af65f606e3a3a5039a36,en,George Orwell,45,m,m,619,1947,9,29,letter
94,4fe7facfb3e961321e97e7e859e883cc7d2d66e94dc4c4fae1b30e07c095ed84,en,George Orwell,38,m,m,189,1940,10,22,letter
96,011944315ac534e979e8676aa6963661f9528ead937325f713d5a8447b802c14,en,George Orwell,38,m,m,341,1941,3,17,letter
97,1617351e708aa92f668f1a84dad9cdef732c13f26d5a16b15e34244c4dde4220,en,George Orwell,38,m,m,737,1941,3,21,letter
100,044942478a12bf2792de4b057b4023a785d2cbcb45e7a2d0da016f8a4a30aee0,en,George Orwell,39,m,f,545,1941,6,20,letter
228,6e992d57de602e89e9cf4c5ded1d4e512b66c52f53b8590966e1a2ec1dad4426,en,George Orwell,45,m,m,691,1948,3,5,letter
101,3074c407e2849b2b77c4ae3af851dbb104e9192b0de221343ffb9ec1b0b631ca,en,George Orwell,39,m,m,444,1942,5,16,letter
102,3b0be5325ad7b3d1db56c8b27b47c37daf592a04cafc06f29772655f245b5c31,en,George Orwell,40,m,m,233,1942,7,11,letter
103,83b28007c24cd2e9316988b01b3b7490d64cdd963666fc1af31bbda74ac2accd,en,George Orwell,40,m,m,845,1942,7,15,letter
104,eeeec31ed8e3b5b680b2846b1de20ce421e745f627d912b7b3aa7d67d3418586,en,George Orwell,40,m,m,520,1942,7,23,letter
234,b79075dcd127997973736f4c28157c5b8145a01b6e708ecb4e48e87a16ab290b,en,George Orwell,45,m,m,635,1948,4,20,letter
237,0f0c8ea3b1615e02c6fca5ac699e4ba631db9d7595a9c9784333d15738fa254e,en,George Orwell,45,m,m,892,1948,5,2,letter
238,b7598da3322775515c7a70b18a79f6f10363762f5a78d2f11d6fbee7558af7db,en,George Orwell,45,m,m,731,1948,5,10,letter
240,b36661b41f8be6ffedd9ee0170b15643b86140107ab26806cfc4ff3383771629,en,George Orwell,45,m,f,1037,1948,5,19,letter
242,dbc0e881a8583dddad1cf3f153835c72a61f13fe5727779c8e1bdc821afea61e,en,George Orwell,45,m,f,468,1948,5,27,letter
244,84177190230510297b42f1fd1a008dc16d76a5854b70599616d92fde805d7f87,en,George Orwell,46,m,m,475,1948,7,10,letter
246,a8fb654881c97ee96492278d1c5335a227827bf6ac6d3e3be640d539c5698837,en,George Orwell,46,m,m,140,1948,7,29,letter
178,9da6f46b7d20ff200662bebc204f3d0da0466d6aaeae54fc80f9a4e01d631dc7,en,George Orwell,44,m,f,289,1946,8,7,letter
247,3019f6a0e9be6a935664e241084c14ed35a8045a0934310d9b420d2a59659d6c,en,George Orwell,46,m,m,1098,1948,10,9,letter
249,f9c1df8aaac5a9adbf09f44f7b6bba9131ee7340740ea14045267eb024242200,en,George Orwell,46,m,m,1322,1948,10,29,letter
105,232c38ea1a82d1bf8f8b0779232fb83e109a7c9f20ffdc4b0c548c31a3a2d8f3,en,George Orwell,40,m,m,487,1942,8,12,letter
256,d2eef9b88a527a49ac2c9d69bfc9a17165c13af3ac852e9adede0cdb55b4e101,en,George Orwell,46,m,m,271,1949,1,5,letter
106,1d5d8fce900b5078f72e2946111b02fd022eeab3fa4834c09abef1dbf9bd5be6,en,George Orwell,40,m,m,489,1942,8,17,letter
259,b9c88623efe1248451e08526088a172ec2ef4f7815b23fb4af4490395045dbca,en,George Orwell,46,m,m,678,1949,1,18,letter
260,eeefce254428243bc64d6bc585327895f8036473a44f71b6af8a80e8c41dcfc9,en,George Orwell,46,m,f,433,1949,1,18,letter
261,c51c2105ce8e6254a3964c704f461fd256c340864874408981678fa6f4a1cf1d,en,George Orwell,46,m,m,570,1949,2,2,letter
262,80f51d67fa7d36ff40d4ca7654ae1405a4853b82cd4238959a8222d0ea29c19a,en,George Orwell,46,m,m,671,1949,2,4,letter
264,2cd7221f4dcb04f157c38b08723554fba4b9b567c3b0cd0abae331d9c4af2076,en,George Orwell,46,m,f,704,1949,2,14,letter
265,4a3c915d8a114925b0e1d9f2bf405d0bde0312258ef7c5482dded703b4d74746,en,George Orwell,46,m,f,723,1949,2,15,letter
266,6edd1babac52ba6f1aff328d64be1fee0285800fbbdeefd3929c11ecbfef0417,en,George Orwell,46,m,m,454,1949,2,25,letter
268,c45bb10fd7819bd69ad89b92b55908cefd56d63a0f46326df577d76c2dfa86b2,en,George Orwell,46,m,m,799,1949,3,3,letter
107,0b6cd95454fd7082735ef640c01373d7be4b8e9abb9da73111f5f689b9e67485,en,George Orwell,40,m,m,442,1942,9,4,letter
272,29ce14f1707878ceed0ac994836b73a15ee8d90e27b70b342b1d7c2f646f5710,en,George Orwell,46,m,f,1184,1949,3,30,letter
273,580e04452b5ef086d73bf628f8d407304a89181c2edcfcad0fc0314fff753d6d,en,George Orwell,46,m,m,645,1949,3,31,letter
274,4367b592a895db66acd98d1b79ccf7fbebe00e7ca4c3e06d60d39afb54b5e593,en,George Orwell,46,m,f,700,1949,4,6,letter
277,49b9f80405511c83b8c55fab84b2a35d08d4f1349ec3652ef41a02a6d46aaf39,en,George Orwell,46,m,m,1203,1949,4,17,letter
278,55012571722ee1f4c1d8852ddcc381fc43540410888f2b1743616aa9edd804e5,en,George Orwell,46,m,f,848,1949,4,17,letter
279,563b73710f16e0e37294a6f91de0b654a748f85153ac60d300901b7729c7a0c2,en,George Orwell,46,m,m,493,1949,4,25,letter
108,7ded138642458fc4ebdec48c4386292e7ecc0ef33b5c269be14923ae94859bf7,en,George Orwell,40,m,f,296,1942,10,7,letter
113,bd2c9b13f0310ad34e3a6edc76f6d44a0a7d84ec5d6630027028907be337d4a8,en,George Orwell,40,m,m,422,1943,5,26,letter
114,ee8f475fa28d3a0f8e231237eace1e6195a34a9d844aba528347b73c13e5420b,en,George Orwell,41,m,m,750,1943,7,11,letter
271,516db5745e148b564096eb2bee0c4c7781bc365d6a72815e29e8ee7066caed3e,en,George Orwell,46,m,m,370,1949,3,17,letter
275,aecee2a4dcbd1c3cad7f13aec0ea1376e37a4b3b2b0f9e566ca8fe915cdc1952,en,George Orwell,46,m,m,441,1949,4,,letter
280,c11a9a2534a0420409f3be5f1bc0cecb45d40b6b7c97f9b355529a270aa46cc5,en,George Orwell,46,m,m,138,1949,5,2,letter
281,a4ab692d5ea2df91f8eabf6ee47709eee08a5127534fd78a5a97d8807e11dc36,en,George Orwell,46,m,m,939,1949,5,2,letter
282,e04800c29d4f03875d12bd2ebe29b02dbbfa424be2bdab426a1064c0dc5bdd37,en,George Orwell,46,m,m,474,1949,5,16,letter
9,36c288af021f2a0bb863c3c530df8bb83c3f5dd9872a25ed70c77a8b6887e422,en,George Orwell,30,m,m,377,1932,11,1,letter
121,83d1f8fa4352f2ba33f2d86e21139f0c7b3a77b1b3f19f5b72a616cfab51653b,en,George Orwell,41,m,m,311,1944,3,1,letter
123,bc06a4ed32a175070bc2fe711a1eaea10a9468a8e18cbd26bb5ac6b2d70d63f2,en,George Orwell,41,m,m,529,1944,3,19,letter
283,78df35697ce7f31f9340a513e8ffd23978e457e352089183d4daa59e85ff5272,en,George Orwell,46,m,m,219,1949,5,20,letter
214,982265a0d6b297259537d848bbe2e2261f8636e9ff5ec30d4c28ee1dbd29338d,en,George Orwell,45,m,m,225,1947,12,23,letter
295,bbd13d8a656380d25bcd5379aad761b42fa21e85144165a7a8d50dcad6419522,en,George Orwell,47,m,m,429,1949,7,27,letter
299,9e5950aecc70168c0e0222e409a9a9d046989e2621aadd69004c8be96c506e34,en,George Orwell,47,m,m,498,1949,9,17,letter
1,c59d7cd546a72b6aea9b308af9ec9b16dd23e2ed1a15657d764ac83b7affb2de,en,George Orwell,9,m,f,249,1911,12,2,letter
111,2bf630ff42be73b2c76f190e6bf50af307ebdefc69f37fe8bcc367ce4915540c,en,George Orwell,40,m,m,343,1943,3,3,letter
127,e701fa011d661fc670143ec830015238506e758225a2b7f963d1eb544aaced1f,en,George Orwell,42,m,m,413,1944,6,8,letter
129,96733dee65386229069384f40986a7e8e77419966926bdfc57e81066ee42eaa9,en,George Orwell,42,m,f,217,1944,6,28,letter
130,27c38da82e3e7211684a1467bff343219089eab1c2a01a2c6ea2fdbd8d18f9b9,en,George Orwell,42,m,f,348,1944,7,14,letter
131,7ab9b9fd417b9af7410252c10438ee013786d3e790051707c939274c2c0a81c1,en,George Orwell,42,m,m,89,1944,7,21,letter
133,b3207f7ff444a4af4bedda0cac917723cd8b59d8c58ea00acdbfd42059c3429c,en,George Orwell,42,m,m,183,1944,8,15,letter
134,20e3f6e9090082946e58f5c13ea7e60d09ee0f2dddb553c6f39a794f01688a81,en,George Orwell,42,m,m,242,1944,8,29,letter
232,f8d85771d71956ca55bb3a2f343b269dbbe034205ef428fac647e2a4b7a7c0c6,en,George Orwell,45,m,f,254,1948,4,5,letter
136,bee3afb4d46fe4d979b348d8adaeb22d79580689f5c44725f3a6ba2ef02d37b8,en,George Orwell,42,m,m,317,1945,3,2,letter
137,744f158088cb69ec996b187c5e85ff900185142f9c6deb38bc3c223df6dede67,en,George Orwell,42,m,f,773,1945,3,12,letter
143,1103d4eeb749bdf13c6afc40e2e8b8c6e4895f45a81dba82ddf9607d5edbeec9,en,George Orwell,42,m,f,391,1945,4,1,letter
144,dbcd9aa81dfec2816fe374cc99d7203f1b9ffd3b66a7061b2a0077a7526935f8,en,George Orwell,42,m,m,485,1945,4,13,letter
145,4088cbb6ef20090d2feddd41a673739c5a806a7da2eb5ea6bc6ef24eb1e50627,en,George Orwell,42,m,f,473,1945,5,11,letter
45,23925409175163ebab30b6cc3ce0553c186245ce98fcc4cacb8ecb07009f2be1,en,George Orwell,35,m,m,331,1937,12,10,letter
151,2734771b6357559aa82aedd686ca058743c2540b61df17a3033b73f7a990a620,en,George Orwell,43,m,m,367,1945,9,1,letter
154,153a1012bd6f6ef99ee69b4d395ec15705f2398cb0d0583044c12091e729cb23,en,George Orwell,43,m,m,338,1945,12,11,letter
159,f92c54ff28a50118f8f03f35f135478fe4cd2327cff112c25e0e094062009c4b,en,George Orwell,43,m,f,695,1946,2,19,letter
161,17232987c44e0f0a99e4358d6a0a921cf6d1d3d15b45ea2bae82256b9e5c6ab1,en,George Orwell,43,m,f,1012,1946,3,15,letter
166,e596318d1f445c7679ae3948427d6ed7d2875001d3beed8d7e9a8d82f6116ca8,en,George Orwell,43,m,m,645,1946,4,9,letter
168,2102a93bde6cd60a41f5ff0ade72dc0ac20ed46d61729485dd2d5783482fcde6,en,George Orwell,43,m,m,959,1946,4,13,letter
56,af980446eb215ba4836fc47602a9ac5cb8851351d37f4cc39e582bfbae959c5c,en,George Orwell,36,m,m,619,1938,7,5,letter
79,6c1f52acd19f1df2dd56ba205d3ef14573065469adfc95b8e44d591987e5ec1d,en,George Orwell,36,m,m,757,1939,3,19,letter
122,d411761d1f40e9fa2d1b338db4fde62b8641bc3ee37e118fd975ed4104f35c8a,en,George Orwell,41,m,m,213,1944,3,7,letter
172,de5ebd8a2ca8407bb7e50a3d9ac857e3ef2be6c7ada87b7726665f1ff8e2733c,en,George Orwell,43,m,m,265,1946,5,23,letter
175,9651a4311120397ef4d97c4fa2043992aba1ff6591f0d5d143f147db22edc0e1,en,George Orwell,44,m,f,435,1946,7,5,letter
176,9c4e634281ef5a749557450006afa2bb1ee3fca7c3083d860bdf61aea13fe7eb,en,George Orwell,44,m,m,770,1946,7,5,letter
177,eb4c4e0efc7758329d9a74cbbb90bc3aa21fc51cfa7336533667b04054c61fda,en,George Orwell,44,m,f,611,1946,7,29,letter
180,d8ad04537c7049f3ac28c50c4878f3a7dfe5c3e8a79ea69090a7b1b55dd5a57b,en,George Orwell,44,m,f,930,1946,8,17,letter
181,345bf6c435163c7765dae01a4bcdcea8fdab11deff8a58669dcc9eb134ffda7a,en,George Orwell,44,m,m,493,1946,9,2,letter
183,f098e9dfe6ccabeaf8c3fec35f650ed86a13c66f3e01fb112b812e9626c9cc10,en,George Orwell,44,m,m,393,1946,9,26,letter
185,cdc5c49b39bc21047ed471b45e22a9805d2a0abd2a9f3e12ee30af7bc18fe8ff,en,George Orwell,44,m,m,922,1946,10,15,letter
186,96e07054ecae84db709c2464410a87b87bd6a0149425d0d3a0e4e9f53a1e2b14,en,George Orwell,44,m,m,345,1946,10,18,letter
187,f0100e74c890e3a35a0a1add2f13b56af224daacbec669a82ba738f64be778e2,en,George Orwell,44,m,m,350,1946,10,23,letter
188,2c4dcf84f5f64ec91334425d731fd29b1fb5aa588a2eaa5ba5b9246ef45618b4,en,George Orwell,44,m,m,1080,1946,12,5,letter
189,ceb89c939647f4d518691e89cac264661ea2dfb8a8826ec668c1ab6c545509fa,en,George Orwell,44,m,f,373,1947,1,24,letter
190,3410a29d1d517e75368a16afb7a8f2a66fd764a86b8efd25fed9a9b4584d41e7,en,George Orwell,44,m,m,495,1947,1,25,letter
191,63cb8ebc2d6ff48fa6474b6994eaebf4ccd364ccb05197841deda0374aed4aab,en,George Orwell,44,m,m,773,1947,2,21,letter
192,040deabe3c37fce431035ffac37d458155015bcdb793513c8e86cd53f48b3c7c,en,George Orwell,44,m,m,397,1947,2,26,letter
193,172c6f59d2086b11bb9f9fc2799d4add05f9615f29c63aabf502619d8e06c3c2,en,George Orwell,44,m,m,581,1947,2,28,letter
195,90465f26fb8a5467829cb152689620e2664f69e20b736c3bf738c377e1ca1938,en,George Orwell,44,m,m,895,1947,3,14,letter
87,9071919d0e1f9be10ffa842a34e887554e95b6ad6344903d83ecc1234137a93c,en,George Orwell,37,m,m,382,1940,1,8,letter
128,d522183c7597a9485906cad3058e97efdf53cbb06889884cd2aeebe8b382b46a,en,George Orwell,42,m,m,167,1944,6,24,letter
196,f6272ad8d0a855408b0b42a21e7e5cd9b779e3dcd169b29ef3902ef41c5e40b1,en,George Orwell,44,m,m,257,1947,3,19,letter
153,f3b448dbd2e7eb76bcdb5142643fdb384e1b948250e9a7259431254256fe0b8a,en,George Orwell,43,m,m,534,1945,11,29,letter
197,ed1e6cbca76c760d693baaf729720bb3010018ef50db31e86949a246585ad4fc,en,George Orwell,44,m,f,347,1947,3,20,letter
198,bcd6f20e2e26c2db385045080d0e10ebb8d4d32e57d5038c0f1a7a19d713351a,en,George Orwell,44,m,m,437,1947,3,21,letter
162,5ad5abd6694e88ca82a50952ae0d8717af7c4fad8f96b343732d8f2056ebd566,en,George Orwell,43,m,m,336,1946,3,22,letter
199,11be828d70a8bca8c7d8e11664c98993341403630a85a64280f3b6bdb32b079f,en,George Orwell,44,m,m,469,1947,3,25,letter
200,f35a3979397e044d87e3aa5f17eee905bb21727fbeb23aa527be7f7d435b43f7,en,George Orwell,44,m,m,35,1947,4,9,letter
202,75579eeff7bec91e177e7d416bec553fb0ca59ea4342a814e14b912fbb734d95,en,George Orwell,44,m,m,1093,1947,4,15,letter
163,de1ba85dbc80057dc9e6c1b46e83216261b94c2d8e58301b4a9b6ca237573440,en,George Orwell,43,m,m,389,1946,3,31,letter
203,2f90cc826403feae8d48e7e84e25d1b4627785a9851f079e0631f5bc9211cf09,en,George Orwell,44,m,m,512,1947,5,31,letter
204,43c29d7b50cc2d96514a4a04f294a6c2c99a29e77b1c66d46bdf029530fe961c,en,George Orwell,45,m,m,672,1947,7,14,letter
205,5a250eddd1aa62e31fe0e8a1a33f7c80a9979f244c93c6bb2a2f89b1bc5ece32,en,George Orwell,45,m,f,268,1947,7,28,letter
179,84ea58dcfbdbf423f0e9f86a7ad20d5cdb3598d4bf73acde6ff47f98f95ef95a,en,George Orwell,44,m,m,479,1946,8,7,letter
182,02182d0f29431351a145862909b48af8cee9745a4819b06f85014f69041811a1,en,George Orwell,44,m,m,546,1946,9,19,letter
206,2701b2e39712063718e9ed11114a3873a07bcd3a21b7596633fa92b058672c95,en,George Orwell,45,m,m,210,1947,7,28,letter
207,539ffc02aaf5e421e5bfc160a964d39a1d8a0491b2a2e79d9befc569f383b97e,en,George Orwell,45,m,m,783,1947,8,9,letter
208,e17a7dd7fff48f7cb5734b22a6644e8da0b6d5430ef27dd0490fddd01768485b,en,George Orwell,45,m,f,556,1947,9,1,letter
209,be9f47e14fd84f32d3f2e24142a6fd3b1dd5496a05cf9768d0653225b3596286,en,George Orwell,45,m,m,419,1947,9,20,letter
216,428f6f1b97265109d8c91d09654f2d87e55752e49cdcad67ddf5f91dd8b6cf3e,en,George Orwell,45,m,f,705,1948,1,1,letter
217,32c1094907c9a53787f772d4e6896bc826d3487d4876349980399b0f29cb4343,en,George Orwell,45,m,m,1027,1948,1,2,letter
221,eb2a0d1e9c301671e92e8490226b3c3472c3430a777c2b4dde9b8e6cebc563e9,en,George Orwell,45,m,m,232,1948,1,28,letter
222,64167f9ba7638db0bbdbc2d92439d00581d3f0b00e79b77a3f0704a342562865,en,George Orwell,45,m,m,493,1948,2,1,letter
284,5ff05e25689019cfa1fec120190c44e1d1d2c2bbcfbb7ce7310c8cc97c5290cb,en,George Orwell,46,m,f,304,1949,5,22,letter
223,3140700d9a4af3b01e74e933f4fec5bad17547a32b8fc10690391d95219d68e8,en,George Orwell,45,m,m,414,1948,2,4,letter
224,a7e95d7f0ef3eb9b1280af46deb17f7148a45ba1d7096b928fec77fecde03b26,en,George Orwell,45,m,m,226,1948,2,9,letter
226,0b8eb75c9b6aa5f196a861b20227c0970bab0bd96697578e39ec9342eb8ff51a,en,George Orwell,45,m,m,415,1948,2,16,letter
227,6c1ed387da736d5bbe3012f65f193345cbdc770b55ec961553d51fe5edcfdf43,en,George Orwell,45,m,m,254,1948,2,20,letter
229,e43c2ed69ed73d3cda9bad6d92d0444c3863a33c1b241e35777aecdba2e64599,en,George Orwell,45,m,m,604,1948,3,7,letter
230,abc511f79cee6fa31537ea1aa803ab3cb12885841a9d175324a7f8a07dfda560,en,George Orwell,45,m,m,242,1948,3,19,letter
117,34bfeeeef946314504ed718960d6a84e968a993c530732feb032c23489208748,en,George Orwell,41,m,m,593,1943,11,16,letter
118,3ccfa80c2b10ff0c22ac5c0cbae774d5c868cec2ffff6af0a898541df2a9c671,en,George Orwell,41,m,f,468,1943,12,11,letter
132,89409325df3dc70428f4cfd0c7e9a1c2a0a035d446b9c0bfc9f131e87ca74549,en,George Orwell,42,m,f,1051,1944,8,9,letter
231,4c79aab15d8518bb8209e97fabe8fafeffaa9e2c1ae626dc157e0735d47e375d,en,George Orwell,45,m,f,317,1948,3,27,letter
233,c2451062a8f38344b7cad2a795d9afc0ee61e546977d9d63a61532e839e9190e,en,George Orwell,45,m,m,221,1948,4,14,letter
235,2f7e9b0941a35d167719fde267edf99bd9879694ff4780824bc14dbb2ff18a87,en,George Orwell,45,m,m,344,1948,4,21,letter
239,7683acc05bcae8306dcf1eada5ebaf5f80912cc2ee70502ef5f2db3d47375407,en,George Orwell,45,m,m,210,1948,5,12,letter
285,e8ba86e5aea5ab637f877c5758ff1375aa8b9e4ef96538a890cbd65a6cc81a37,en,George Orwell,46,m,f,273,1949,5,24,letter
150,edf4cc2add7c5c4224fa1c7b6c79e879b99835f2f0059ed7cb37dbeaaeb3b729,en,George Orwell,43,m,f,440,1945,8,1,letter
243,b61cff6664183fbf91d0a64ff629a4d95aa8d2b4ed77116920481843b0b1d73b,en,George Orwell,46,m,m,517,1948,6,25,letter
248,86e7860892efd50acfa5ed98a6d379aeafbf6a55734bbc3f07850e6cce7367bf,en,George Orwell,46,m,m,352,1948,10,22,letter
250,a06bdaa5242b36c8082d2edc1a3d93cee077814b367652148819ab73b4d6317d,en,George Orwell,46,m,m,817,1948,11,19,letter
251,3f0d2eee4803ecff75f72046e98aaef9d0ae0ad73ff28a27febf8140d24b1687,en,George Orwell,46,m,m,199,1948,11,22,letter
252,40fe8b5afa259a30e6e2a11eee610786ee03569f64a2b2bd38aa45d91c32ee28,en,George Orwell,46,m,m,439,1948,11,30,letter
253,29981675e6caa98fe8afad3bad248a241f5c586a6a4d2ef62c3d3be9fcfa4781,en,George Orwell,46,m,m,372,1948,12,21,letter
254,8c6c7f73cbcf14a444afa067378c82b626b1574b8e9d0f271ef2020843e29afa,en,George Orwell,46,m,m,355,1948,12,21,letter
255,da58e0d4ada95b3b23a9fef0dcaa005f8eeb88ebd64ae3be88e6f911cc6f80c0,en,George Orwell,46,m,m,281,1948,12,26,letter
257,e1f149caf088648ae71c8e2b5b0c1a76ee6445aaa4a32fb5a1dbab4a8ea01a8c,en,George Orwell,46,m,m,233,1949,1,12,letter
258,50ad393cca6bf91a8c424037115553e0d61f0d2fc202236b079fc5e74e56804d,en,George Orwell,46,m,m,282,1949,1,17,letter
211,3e8fbf7e67cd999e51faba57e3367f6ff4bd84d375ae49e2e5b46c48279a4004,en,George Orwell,45,m,m,343,1947,10,22,letter
212,c7777c1f2594f0bf2a408625f1e5bdaf5c02278b8e636440e750def93e3c1285,en,George Orwell,45,m,m,469,1947,11,29,letter
213,993042ed7c632f1e01bfaf4614bbeb141783a85f4ea10c5471ddc7dad6040ce4,en,George Orwell,45,m,m,244,1947,12,7,letter
215,07df8eca2b4f2d616f86283f86fdc74c22cf767684aedebced1fb6b5000819d7,en,George Orwell,45,m,m,791,1947,12,31,letter
267,65943ef3f176b2136940449fd8b1be4771dc65295f0a2e36d909ea907bb3590b,en,George Orwell,46,m,m,249,1949,3,2,letter
269,9f5c5ca8cde9175abbcc4b8f5848c968c2d64860826836baf22d9d90981f8ab2,en,George Orwell,46,m,m,643,1949,3,12,letter
220,64849d7f57be600f07368df97cb3113668253e5a2d0e08af339aec1f735c44b9,en,George Orwell,45,m,f,891,1948,1,20,letter
263,57966939620b7b1c1469e472aa17e6849a413a36daa27da825119f2f52595a9e,en,George Orwell,46,m,m,343,1949,2,4,letter
149,9c9ccd562ae4f66ee529558d831c553b3678edda4860c5fdf3ed56f2a0b477b9,en,George Orwell,43,m,m,756,1945,7,3,letter
164,aaf7e0002ddeb598764e0221980d9e0971500fb1c65cd2fa936840f3b7f3bca3,en,George Orwell,43,m,f,676,1946,4,8,letter
165,506f8dc44b87bb7cdd2dff4d1896141d32d56c244d78da0d01a9d16ef84405d9,en,George Orwell,43,m,f,652,1946,4,9,letter
167,0e09cbf1cd2df5425899521ca39e53c8cbe75c81cf4c55d6e6e9c9ca54974f1d,en,George Orwell,43,m,m,905,1946,4,11,letter
169,08a303701bb8c93bdc9a2bc75a8ebd445df1adc225b132fdf2edf4156466a1b2,en,George Orwell,43,m,m,1771,1946,4,18,letter
171,15ba39b46c947bee1f8b232c5335056f2a596a58218037e267c7e5fd0523e91c,en,George Orwell,43,m,m,490,1946,4,30,letter
174,293e0a04bbc9b5049d2d3d45644dca45a703282845b5c526b9c8d55097374e61,en,George Orwell,44,m,m,463,1946,7,1,letter
194,dc124e762cc023af6e69eac53405367f6f9508397b04cfcb2cc8c108f36f19ed,en,George Orwell,44,m,m,327,1947,3,13,letter
291,bd781d820ceab835183ccaeb19218335b85dfaeb1fd80641b192fed039bf4955,en,George Orwell,47,m,m,370,1949,7,18,letter
294,bfefa570a04ac49d53ac5d23b33f4cc3ce2e4e4da458146bc7af79d390d2d7ea,en,George Orwell,47,m,m,428,1949,7,27,letter
296,de212c7fab7eb3c11f342c8e637ee1b6a65d60bf45110740709c189c51395315,en,George Orwell,47,m,m,250,1949,8,22,letter
297,0b332b7c44cdc3522f543e516a0e6a77818d99792d3bd35ca7ba36eb30393871,en,George Orwell,47,m,m,409,1949,8,30,letter
298,dc0566d67dbca647daf223313072537a68dfbfa19e61a8efb99b9ac778d55ec5,en,George Orwell,47,m,m,375,1949,9,5,letter
300,a51a885fbda1c612382d00ae1fd55a68bffe53ff652f96d4a4e09fb924f109a6,en,George Orwell,47,m,m,295,1949,9,24,letter
301,83effb3a7f473dee8594e7bd38646e14a3a46cfe6d286f575425fa2f5567e85e,en,George Orwell,47,m,m,378,1949,12,8,letter
302,0214c8e181acef6eebaa132d91f1021f05fa88712e19ec5d21499a168104e009,en,George Orwell,47,m,f,238,1950,1,6,letter
